policy_id,issue_age,sum_assured,coverage_years,issue_year,portfolio_id
1,43,15304.029,10,2026,TERM_LIFE
2,34,94630.086,10,2026,TERM_LIFE
3,45,37575.605,10,2026,TERM_LIFE
4,35,131179.1,10,2026,TERM_LIFE
5,39,50980.555,10,2026,TERM_LIFE
6,31,63143.51,10,2026,TERM_LIFE
7,39,55064.445,10,2026,TERM_LIFE
8,30,103915.32,10,2026,TERM_LIFE
9,50,25518.877,10,2026,TERM_LIFE
10,51,43141.043,10,2026,TERM_LIFE
11,36,250985.38,10,2026,TERM_LIFE
12,25,195296.16,10,2026,TERM_LIFE
13,36,19375.857,10,2026,TERM_LIFE
14,22,39777.477,10,2026,TERM_LIFE
15,42,34529.77,10,2026,TERM_LIFE
16,26,18571.129,10,2026,TERM_LIFE
17,23,67389.45,10,2026,TERM_LIFE
18,46,40095.16,10,2026,TERM_LIFE
19,22,34327.285,10,2026,TERM_LIFE
20,18,12622.515,10,2026,TERM_LIFE
21,50,71050.51,10,2026,TERM_LIFE
22,44,60878.89,10,2026,TERM_LIFE
23,20,81303.43,10,2026,TERM_LIFE
24,31,71673.75,10,2026,TERM_LIFE
25,21,170033.11,10,2026,TERM_LIFE
26,22,104353.4,10,2026,TERM_LIFE
27,48,24495.6,10,2026,TERM_LIFE
28,52,231178.27,10,2026,TERM_LIFE
29,30,12837.318,10,2026,TERM_LIFE
30,40,38552.953,10,2026,TERM_LIFE
31,19,260603.97,10,2026,TERM_LIFE
32,38,44328.863,10,2026,TERM_LIFE
33,28,100227.44,10,2026,TERM_LIFE
34,40,26190.502,10,2026,TERM_LIFE
35,55,34155.5,10,2026,TERM_LIFE
36,33,68740.445,10,2026,TERM_LIFE
37,38,9155.064,10,2026,TERM_LIFE
38,21,33805.652,10,2026,TERM_LIFE
39,35,107009.375,10,2026,TERM_LIFE
40,51,13468.531,10,2026,TERM_LIFE
41,45,128944.67,10,2026,TERM_LIFE
42,50,14021.357,10,2026,TERM_LIFE
43,42,16056.154,10,2026,TERM_LIFE
44,35,86102.44,10,2026,TERM_LIFE
45,40,52849.66,10,2026,TERM_LIFE
46,21,68491.22,10,2026,TERM_LIFE
47,52,39879.152,10,2026,TERM_LIFE
48,24,123652.68,10,2026,TERM_LIFE
49,37,43269.195,10,2026,TERM_LIFE
50,18,88492.12,10,2026,TERM_LIFE
51,30,109880.61,10,2026,TERM_LIFE
52,33,42517.258,10,2026,TERM_LIFE
53,42,39930.28,10,2026,TERM_LIFE
54,50,40950.24,10,2026,TERM_LIFE
55,41,51750.316,10,2026,TERM_LIFE
56,45,147008.72,10,2026,TERM_LIFE
57,24,86999.74,10,2026,TERM_LIFE
58,34,50736.73,10,2026,TERM_LIFE
59,43,34720.367,10,2026,TERM_LIFE
60,46,44487.87,10,2026,TERM_LIFE
61,28,13677.463,10,2026,TERM_LIFE
62,39,41908.965,10,2026,TERM_LIFE
63,45,13958.658,10,2026,TERM_LIFE
64,32,99204.24,10,2026,TERM_LIFE
65,45,26230.312,10,2026,TERM_LIFE
66,25,64002.152,10,2026,TERM_LIFE
67,33,94586.164,10,2026,TERM_LIFE
68,18,91916.0,10,2026,TERM_LIFE
69,18,48194.973,10,2026,TERM_LIFE
70,24,63977.67,10,2026,TERM_LIFE
71,37,23699.307,10,2026,TERM_LIFE
72,45,127530.4,10,2026,TERM_LIFE
73,38,29357.021,10,2026,TERM_LIFE
74,30,51208.375,10,2026,TERM_LIFE
75,49,67632.23,10,2026,TERM_LIFE
76,39,81697.26,10,2026,TERM_LIFE
77,23,78974.625,10,2026,TERM_LIFE
78,23,16365.516,10,2026,TERM_LIFE
79,22,43176.36,10,2026,TERM_LIFE
80,25,235740.73,10,2026,TERM_LIFE
81,31,13121.893,10,2026,TERM_LIFE
82,50,102096.05,10,2026,TERM_LIFE
83,53,47396.152,10,2026,TERM_LIFE
84,19,58572.6,10,2026,TERM_LIFE
85,55,19869.877,10,2026,TERM_LIFE
86,21,131735.9,10,2026,TERM_LIFE
87,22,28723.623,10,2026,TERM_LIFE
88,26,216648.8,10,2026,TERM_LIFE
89,40,38197.133,10,2026,TERM_LIFE
90,41,112919.695,10,2026,TERM_LIFE
91,30,71315.516,10,2026,TERM_LIFE
92,35,56114.266,10,2026,TERM_LIFE
93,28,51066.652,10,2026,TERM_LIFE
94,22,33911.977,10,2026,TERM_LIFE
95,26,30313.434,10,2026,TERM_LIFE
96,43,42118.742,10,2026,TERM_LIFE
97,50,29136.373,10,2026,TERM_LIFE
98,53,188975.2,10,2026,TERM_LIFE
99,32,86225.88,10,2026,TERM_LIFE
100,37,54623.03,10,2026,TERM_LIFE
101,31,104821.71,10,2026,TERM_LIFE
102,43,43442.37,10,2026,TERM_LIFE
103,20,10215.215,10,2026,TERM_LIFE
104,41,115046.71,10,2026,TERM_LIFE
105,44,63194.9,10,2026,TERM_LIFE
106,35,41176.75,10,2026,TERM_LIFE
107,20,36321.496,10,2026,TERM_LIFE
108,36,38980.758,10,2026,TERM_LIFE
109,22,14088.559,10,2026,TERM_LIFE
110,27,129653.04,10,2026,TERM_LIFE
111,32,9889.763,10,2026,TERM_LIFE
112,28,88575.25,10,2026,TERM_LIFE
113,19,30106.658,10,2026,TERM_LIFE
114,22,29138.273,10,2026,TERM_LIFE
115,50,20012.736,10,2026,TERM_LIFE
116,26,33128.18,10,2026,TERM_LIFE
117,26,53899.477,10,2026,TERM_LIFE
118,22,69023.74,10,2026,TERM_LIFE
119,37,65642.48,10,2026,TERM_LIFE
120,51,582695.4,10,2026,TERM_LIFE
121,37,63400.44,10,2026,TERM_LIFE
122,19,37860.727,10,2026,TERM_LIFE
123,49,24981.342,10,2026,TERM_LIFE
124,28,117411.016,10,2026,TERM_LIFE
125,29,71338.664,10,2026,TERM_LIFE
126,52,65290.043,10,2026,TERM_LIFE
127,53,64180.844,10,2026,TERM_LIFE
128,26,33561.6,10,2026,TERM_LIFE
129,37,56050.78,10,2026,TERM_LIFE
130,55,154178.77,10,2026,TERM_LIFE
131,50,308192.84,10,2026,TERM_LIFE
132,44,63723.484,10,2026,TERM_LIFE
133,38,129939.62,10,2026,TERM_LIFE
134,47,12856.747,10,2026,TERM_LIFE
135,43,21704.617,10,2026,TERM_LIFE
136,36,23609.248,10,2026,TERM_LIFE
137,32,75909.9,10,2026,TERM_LIFE
138,26,32861.72,10,2026,TERM_LIFE
139,20,37758.668,10,2026,TERM_LIFE
140,27,153544.61,10,2026,TERM_LIFE
141,52,167456.0,10,2026,TERM_LIFE
142,49,224109.62,10,2026,TERM_LIFE
143,37,62038.773,10,2026,TERM_LIFE
144,36,22926.92,10,2026,TERM_LIFE
145,54,213080.78,10,2026,TERM_LIFE
146,22,32823.492,10,2026,TERM_LIFE
147,46,64751.35,10,2026,TERM_LIFE
148,31,70762.234,10,2026,TERM_LIFE
149,20,121538.45,10,2026,TERM_LIFE
150,19,8053.3745,10,2026,TERM_LIFE
151,42,22503.434,10,2026,TERM_LIFE
152,44,49772.812,10,2026,TERM_LIFE
153,39,258906.6,10,2026,TERM_LIFE
154,35,37575.863,10,2026,TERM_LIFE
155,38,140976.58,10,2026,TERM_LIFE
156,43,78326.75,10,2026,TERM_LIFE
157,45,42209.863,10,2026,TERM_LIFE
158,35,27384.049,10,2026,TERM_LIFE
159,28,204524.9,10,2026,TERM_LIFE
160,35,85576.24,10,2026,TERM_LIFE
161,52,76443.95,10,2026,TERM_LIFE
162,45,18601.19,10,2026,TERM_LIFE
163,22,37599.793,10,2026,TERM_LIFE
164,42,88038.875,10,2026,TERM_LIFE
165,28,33681.41,10,2026,TERM_LIFE
166,37,172555.67,10,2026,TERM_LIFE
167,53,56078.566,10,2026,TERM_LIFE
168,35,30294.832,10,2026,TERM_LIFE
169,39,98136.14,10,2026,TERM_LIFE
170,21,24241.469,10,2026,TERM_LIFE
171,41,45139.79,10,2026,TERM_LIFE
172,53,63675.46,10,2026,TERM_LIFE
173,42,54427.32,10,2026,TERM_LIFE
174,35,144183.3,10,2026,TERM_LIFE
175,48,83367.22,10,2026,TERM_LIFE
176,24,49356.13,10,2026,TERM_LIFE
177,37,23122.746,10,2026,TERM_LIFE
178,32,23223.469,10,2026,TERM_LIFE
179,46,48485.996,10,2026,TERM_LIFE
180,19,70886.78,10,2026,TERM_LIFE
181,45,49192.715,10,2026,TERM_LIFE
182,54,35951.066,10,2026,TERM_LIFE
183,29,113963.836,10,2026,TERM_LIFE
184,26,117683.56,10,2026,TERM_LIFE
185,23,52732.17,10,2026,TERM_LIFE
186,55,55112.215,10,2026,TERM_LIFE
187,45,169983.48,10,2026,TERM_LIFE
188,47,96428.16,10,2026,TERM_LIFE
189,39,24419.91,10,2026,TERM_LIFE
190,28,23102.883,10,2026,TERM_LIFE
191,41,15663.584,10,2026,TERM_LIFE
192,28,89746.6,10,2026,TERM_LIFE
193,30,31540.275,10,2026,TERM_LIFE
194,18,79790.67,10,2026,TERM_LIFE
195,46,137100.08,10,2026,TERM_LIFE
196,28,67118.81,10,2026,TERM_LIFE
197,34,137135.27,10,2026,TERM_LIFE
198,23,120157.914,10,2026,TERM_LIFE
199,31,152408.48,10,2026,TERM_LIFE
200,41,55157.984,10,2026,TERM_LIFE
201,29,28520.773,10,2026,TERM_LIFE
202,30,550798.3,10,2026,TERM_LIFE
203,19,32035.14,10,2026,TERM_LIFE
204,22,15384.32,10,2026,TERM_LIFE
205,52,91701.445,10,2026,TERM_LIFE
206,37,48898.266,10,2026,TERM_LIFE
207,22,22206.086,10,2026,TERM_LIFE
208,28,69906.59,10,2026,TERM_LIFE
209,52,75702.97,10,2026,TERM_LIFE
210,46,33668.875,10,2026,TERM_LIFE
211,41,43821.215,10,2026,TERM_LIFE
212,35,62027.79,10,2026,TERM_LIFE
213,19,24565.176,10,2026,TERM_LIFE
214,39,59356.254,10,2026,TERM_LIFE
215,21,63776.414,10,2026,TERM_LIFE
216,45,68765.086,10,2026,TERM_LIFE
217,51,226942.02,10,2026,TERM_LIFE
218,24,182636.88,10,2026,TERM_LIFE
219,53,15731.176,10,2026,TERM_LIFE
220,48,128685.83,10,2026,TERM_LIFE
221,32,127231.484,10,2026,TERM_LIFE
222,51,18380.771,10,2026,TERM_LIFE
223,20,35791.188,10,2026,TERM_LIFE
224,37,103640.65,10,2026,TERM_LIFE
225,37,73556.25,10,2026,TERM_LIFE
226,38,34165.66,10,2026,TERM_LIFE
227,36,17091.9,10,2026,TERM_LIFE
228,50,49447.8,10,2026,TERM_LIFE
229,41,39428.41,10,2026,TERM_LIFE
230,50,25381.285,10,2026,TERM_LIFE
231,48,66452.766,10,2026,TERM_LIFE
232,33,108483.914,10,2026,TERM_LIFE
233,33,63767.2,10,2026,TERM_LIFE
234,52,30052.736,10,2026,TERM_LIFE
235,50,49411.34,10,2026,TERM_LIFE
236,31,85170.81,10,2026,TERM_LIFE
237,42,18739.719,10,2026,TERM_LIFE
238,33,102444.805,10,2026,TERM_LIFE
239,44,50009.14,10,2026,TERM_LIFE
240,37,84452.42,10,2026,TERM_LIFE
241,41,166547.6,10,2026,TERM_LIFE
242,29,33527.58,10,2026,TERM_LIFE
243,27,131535.97,10,2026,TERM_LIFE
244,25,58688.33,10,2026,TERM_LIFE
245,26,72405.586,10,2026,TERM_LIFE
246,31,21227.723,10,2026,TERM_LIFE
247,30,81692.9,10,2026,TERM_LIFE
248,52,19049.934,10,2026,TERM_LIFE
249,30,109973.33,10,2026,TERM_LIFE
250,47,33217.977,10,2026,TERM_LIFE
251,19,36614.855,10,2026,TERM_LIFE
252,38,45744.95,10,2026,TERM_LIFE
253,26,43353.17,10,2026,TERM_LIFE
254,45,83232.05,10,2026,TERM_LIFE
255,39,9619.547,10,2026,TERM_LIFE
256,38,258755.2,10,2026,TERM_LIFE
257,32,30445.514,10,2026,TERM_LIFE
258,24,65141.56,10,2026,TERM_LIFE
259,35,68275.75,10,2026,TERM_LIFE
260,46,52529.375,10,2026,TERM_LIFE
261,48,40268.78,10,2026,TERM_LIFE
262,35,117199.1,10,2026,TERM_LIFE
263,44,102454.016,10,2026,TERM_LIFE
264,30,60099.305,10,2026,TERM_LIFE
265,20,37536.016,10,2026,TERM_LIFE
266,29,14085.711,10,2026,TERM_LIFE
267,47,82102.266,10,2026,TERM_LIFE
268,39,63916.45,10,2026,TERM_LIFE
269,50,31680.967,10,2026,TERM_LIFE
270,50,41397.02,10,2026,TERM_LIFE
271,48,70090.055,10,2026,TERM_LIFE
272,26,41063.83,10,2026,TERM_LIFE
273,35,57461.35,10,2026,TERM_LIFE
274,48,52348.477,10,2026,TERM_LIFE
275,45,38137.445,10,2026,TERM_LIFE
276,20,92063.234,10,2026,TERM_LIFE
277,47,64305.94,10,2026,TERM_LIFE
278,36,177130.62,10,2026,TERM_LIFE
279,55,60488.664,10,2026,TERM_LIFE
280,19,106313.586,10,2026,TERM_LIFE
281,48,68211.65,10,2026,TERM_LIFE
282,36,31607.506,10,2026,TERM_LIFE
283,20,29576.969,10,2026,TERM_LIFE
284,48,79483.35,10,2026,TERM_LIFE
285,18,22604.576,10,2026,TERM_LIFE
286,27,249688.84,10,2026,TERM_LIFE
287,45,356926.62,10,2026,TERM_LIFE
288,44,57055.0,10,2026,TERM_LIFE
289,36,40724.97,10,2026,TERM_LIFE
290,37,90657.42,10,2026,TERM_LIFE
291,51,20975.17,10,2026,TERM_LIFE
292,43,30281.197,10,2026,TERM_LIFE
293,47,19452.373,10,2026,TERM_LIFE
294,22,86441.27,10,2026,TERM_LIFE
295,48,145118.36,10,2026,TERM_LIFE
296,53,69742.91,10,2026,TERM_LIFE
297,18,130381.25,10,2026,TERM_LIFE
298,38,43593.91,10,2026,TERM_LIFE
299,45,82118.31,10,2026,TERM_LIFE
300,22,57650.4,10,2026,TERM_LIFE
301,23,27700.328,10,2026,TERM_LIFE
302,24,9012.482,10,2026,TERM_LIFE
303,37,77441.22,10,2026,TERM_LIFE
304,55,19087.615,10,2026,TERM_LIFE
305,19,36387.32,10,2026,TERM_LIFE
306,23,13452.375,10,2026,TERM_LIFE
307,32,70195.17,10,2026,TERM_LIFE
308,31,18611.543,10,2026,TERM_LIFE
309,39,156443.58,10,2026,TERM_LIFE
310,42,45724.168,10,2026,TERM_LIFE
311,31,79106.3,10,2026,TERM_LIFE
312,43,38564.18,10,2026,TERM_LIFE
313,50,66325.44,10,2026,TERM_LIFE
314,24,26187.367,10,2026,TERM_LIFE
315,52,24387.982,10,2026,TERM_LIFE
316,30,57238.496,10,2026,TERM_LIFE
317,18,32566.074,10,2026,TERM_LIFE
318,22,48341.81,10,2026,TERM_LIFE
319,25,120690.83,10,2026,TERM_LIFE
320,53,22041.4,10,2026,TERM_LIFE
321,19,59593.883,10,2026,TERM_LIFE
322,48,9017.576,10,2026,TERM_LIFE
323,34,132777.44,10,2026,TERM_LIFE
324,22,192889.88,10,2026,TERM_LIFE
325,18,53246.695,10,2026,TERM_LIFE
326,32,27144.342,10,2026,TERM_LIFE
327,20,35028.793,10,2026,TERM_LIFE
328,51,13808.36,10,2026,TERM_LIFE
329,20,62325.81,10,2026,TERM_LIFE
330,55,69635.71,10,2026,TERM_LIFE
331,46,29862.064,10,2026,TERM_LIFE
332,50,46509.7,10,2026,TERM_LIFE
333,22,27331.65,10,2026,TERM_LIFE
334,53,115947.055,10,2026,TERM_LIFE
335,28,87951.8,10,2026,TERM_LIFE
336,51,30896.52,10,2026,TERM_LIFE
337,23,37920.027,10,2026,TERM_LIFE
338,29,348003.72,10,2026,TERM_LIFE
339,28,64749.453,10,2026,TERM_LIFE
340,33,50299.6,10,2026,TERM_LIFE
341,18,123982.37,10,2026,TERM_LIFE
342,43,41863.516,10,2026,TERM_LIFE
343,51,78003.96,10,2026,TERM_LIFE
344,41,59014.06,10,2026,TERM_LIFE
345,51,12602.142,10,2026,TERM_LIFE
346,42,12135.055,10,2026,TERM_LIFE
347,18,22378.525,10,2026,TERM_LIFE
348,47,26438.273,10,2026,TERM_LIFE
349,21,45714.58,10,2026,TERM_LIFE
350,29,45956.797,10,2026,TERM_LIFE
351,25,34020.63,10,2026,TERM_LIFE
352,42,66287.16,10,2026,TERM_LIFE
353,33,49500.76,10,2026,TERM_LIFE
354,32,37064.777,10,2026,TERM_LIFE
355,38,102070.55,10,2026,TERM_LIFE
356,18,94538.71,10,2026,TERM_LIFE
357,32,30524.32,10,2026,TERM_LIFE
358,19,120203.49,10,2026,TERM_LIFE
359,30,35999.71,10,2026,TERM_LIFE
360,27,56259.71,10,2026,TERM_LIFE
361,39,60708.63,10,2026,TERM_LIFE
362,33,24009.34,10,2026,TERM_LIFE
363,21,58333.297,10,2026,TERM_LIFE
364,48,59719.34,10,2026,TERM_LIFE
365,31,85461.03,10,2026,TERM_LIFE
366,46,95973.9,10,2026,TERM_LIFE
367,48,34333.496,10,2026,TERM_LIFE
368,23,20660.3,10,2026,TERM_LIFE
369,28,11034.704,10,2026,TERM_LIFE
370,44,135851.31,10,2026,TERM_LIFE
371,53,128149.12,10,2026,TERM_LIFE
372,31,47182.71,10,2026,TERM_LIFE
373,40,29819.805,10,2026,TERM_LIFE
374,32,293308.4,10,2026,TERM_LIFE
375,51,86601.305,10,2026,TERM_LIFE
376,39,61596.156,10,2026,TERM_LIFE
377,54,79268.47,10,2026,TERM_LIFE
378,44,66740.89,10,2026,TERM_LIFE
379,41,94804.04,10,2026,TERM_LIFE
380,31,14928.058,10,2026,TERM_LIFE
381,48,287940.2,10,2026,TERM_LIFE
382,42,53312.76,10,2026,TERM_LIFE
383,21,56962.043,10,2026,TERM_LIFE
384,44,40343.355,10,2026,TERM_LIFE
385,24,9464.932,10,2026,TERM_LIFE
386,48,131221.47,10,2026,TERM_LIFE
387,48,58349.383,10,2026,TERM_LIFE
388,21,167025.02,10,2026,TERM_LIFE
389,41,96814.38,10,2026,TERM_LIFE
390,29,53934.203,10,2026,TERM_LIFE
391,47,146020.61,10,2026,TERM_LIFE
392,31,65747.15,10,2026,TERM_LIFE
393,34,10942.155,10,2026,TERM_LIFE
394,53,60278.918,10,2026,TERM_LIFE
395,38,31500.951,10,2026,TERM_LIFE
396,20,68488.555,10,2026,TERM_LIFE
397,19,60770.68,10,2026,TERM_LIFE
398,40,83030.125,10,2026,TERM_LIFE
399,49,75924.67,10,2026,TERM_LIFE
400,21,167685.4,10,2026,TERM_LIFE
401,21,23451.55,10,2026,TERM_LIFE
402,44,87583.99,10,2026,TERM_LIFE
403,32,17302.969,10,2026,TERM_LIFE
404,23,20809.402,10,2026,TERM_LIFE
405,33,109475.586,10,2026,TERM_LIFE
406,51,124154.32,10,2026,TERM_LIFE
407,43,6949.4023,10,2026,TERM_LIFE
408,32,74946.03,10,2026,TERM_LIFE
409,31,33572.28,10,2026,TERM_LIFE
410,47,182332.28,10,2026,TERM_LIFE
411,52,57148.54,10,2026,TERM_LIFE
412,34,51942.125,10,2026,TERM_LIFE
413,22,81134.69,10,2026,TERM_LIFE
414,19,39792.723,10,2026,TERM_LIFE
415,41,95808.92,10,2026,TERM_LIFE
416,39,82035.0,10,2026,TERM_LIFE
417,49,13905.241,10,2026,TERM_LIFE
418,24,29912.455,10,2026,TERM_LIFE
419,31,54706.344,10,2026,TERM_LIFE
420,42,79807.4,10,2026,TERM_LIFE
421,44,189764.25,10,2026,TERM_LIFE
422,36,19598.766,10,2026,TERM_LIFE
423,33,42342.754,10,2026,TERM_LIFE
424,42,76451.73,10,2026,TERM_LIFE
425,37,46020.25,10,2026,TERM_LIFE
426,51,43290.07,10,2026,TERM_LIFE
427,26,31504.361,10,2026,TERM_LIFE
428,35,49181.938,10,2026,TERM_LIFE
429,49,96275.98,10,2026,TERM_LIFE
430,23,25442.045,10,2026,TERM_LIFE
431,47,14753.437,10,2026,TERM_LIFE
432,53,183105.84,10,2026,TERM_LIFE
433,22,68319.96,10,2026,TERM_LIFE
434,19,70140.09,10,2026,TERM_LIFE
435,19,119032.16,10,2026,TERM_LIFE
436,55,52566.996,10,2026,TERM_LIFE
437,52,6761.4785,10,2026,TERM_LIFE
438,40,83345.66,10,2026,TERM_LIFE
439,35,40094.086,10,2026,TERM_LIFE
440,54,54528.465,10,2026,TERM_LIFE
441,19,74315.695,10,2026,TERM_LIFE
442,49,55960.11,10,2026,TERM_LIFE
443,39,32753.705,10,2026,TERM_LIFE
444,42,16207.562,10,2026,TERM_LIFE
445,40,85588.52,10,2026,TERM_LIFE
446,50,72786.3,10,2026,TERM_LIFE
447,40,90890.77,10,2026,TERM_LIFE
448,43,83149.32,10,2026,TERM_LIFE
449,21,69780.016,10,2026,TERM_LIFE
450,21,35819.266,10,2026,TERM_LIFE
451,32,51840.797,10,2026,TERM_LIFE
452,52,40460.91,10,2026,TERM_LIFE
453,47,47427.434,10,2026,TERM_LIFE
454,43,52298.605,10,2026,TERM_LIFE
455,54,14463.121,10,2026,TERM_LIFE
456,23,179458.77,10,2026,TERM_LIFE
457,43,15027.377,10,2026,TERM_LIFE
458,19,13584.797,10,2026,TERM_LIFE
459,35,14186.323,10,2026,TERM_LIFE
460,18,18710.14,10,2026,TERM_LIFE
461,46,98507.48,10,2026,TERM_LIFE
462,54,51576.434,10,2026,TERM_LIFE
463,44,8473.9375,10,2026,TERM_LIFE
464,20,27926.88,10,2026,TERM_LIFE
465,46,17748.46,10,2026,TERM_LIFE
466,24,81224.63,10,2026,TERM_LIFE
467,47,84358.39,10,2026,TERM_LIFE
468,26,81344.23,10,2026,TERM_LIFE
469,31,12926.449,10,2026,TERM_LIFE
470,31,33513.938,10,2026,TERM_LIFE
471,39,70386.65,10,2026,TERM_LIFE
472,20,49949.45,10,2026,TERM_LIFE
473,37,42413.668,10,2026,TERM_LIFE
474,54,66716.65,10,2026,TERM_LIFE
475,27,30456.275,10,2026,TERM_LIFE
476,38,44588.48,10,2026,TERM_LIFE
477,54,8411.683,10,2026,TERM_LIFE
478,22,56249.656,10,2026,TERM_LIFE
479,51,57285.35,10,2026,TERM_LIFE
480,44,56556.137,10,2026,TERM_LIFE
481,20,47594.574,10,2026,TERM_LIFE
482,20,20110.021,10,2026,TERM_LIFE
483,37,193635.27,10,2026,TERM_LIFE
484,18,34281.477,10,2026,TERM_LIFE
485,37,28805.48,10,2026,TERM_LIFE
486,30,30116.479,10,2026,TERM_LIFE
487,39,179648.73,10,2026,TERM_LIFE
488,47,38794.168,10,2026,TERM_LIFE
489,38,33998.94,10,2026,TERM_LIFE
490,29,31429.498,10,2026,TERM_LIFE
491,46,7311.35,10,2026,TERM_LIFE
492,30,40161.176,10,2026,TERM_LIFE
493,25,3645.892,10,2026,TERM_LIFE
494,23,381425.25,10,2026,TERM_LIFE
495,39,29043.697,10,2026,TERM_LIFE
496,49,62758.938,10,2026,TERM_LIFE
497,50,217514.67,10,2026,TERM_LIFE
498,42,56134.02,10,2026,TERM_LIFE
499,52,168423.6,10,2026,TERM_LIFE
500,46,56912.76,10,2026,TERM_LIFE
501,20,39835.18,10,2026,TERM_LIFE
502,24,28380.55,10,2026,TERM_LIFE
503,39,159951.73,10,2026,TERM_LIFE
504,47,23399.834,10,2026,TERM_LIFE
505,49,123071.36,10,2026,TERM_LIFE
506,51,25249.86,10,2026,TERM_LIFE
507,36,42247.4,10,2026,TERM_LIFE
508,24,22956.195,10,2026,TERM_LIFE
509,44,13684.574,10,2026,TERM_LIFE
510,29,38687.87,10,2026,TERM_LIFE
511,34,41480.027,10,2026,TERM_LIFE
512,19,27721.613,10,2026,TERM_LIFE
513,52,196614.16,10,2026,TERM_LIFE
514,20,77445.695,10,2026,TERM_LIFE
515,18,15099.408,10,2026,TERM_LIFE
516,52,17725.953,10,2026,TERM_LIFE
517,41,94740.305,10,2026,TERM_LIFE
518,34,87739.414,10,2026,TERM_LIFE
519,19,49944.324,10,2026,TERM_LIFE
520,46,27555.242,10,2026,TERM_LIFE
521,46,28954.309,10,2026,TERM_LIFE
522,43,52871.535,10,2026,TERM_LIFE
523,54,123270.54,10,2026,TERM_LIFE
524,22,247776.7,10,2026,TERM_LIFE
525,35,47317.535,10,2026,TERM_LIFE
526,36,19775.098,10,2026,TERM_LIFE
527,38,326105.7,10,2026,TERM_LIFE
528,31,31004.35,10,2026,TERM_LIFE
529,24,71910.04,10,2026,TERM_LIFE
530,48,21149.367,10,2026,TERM_LIFE
531,31,47556.273,10,2026,TERM_LIFE
532,18,453936.1,10,2026,TERM_LIFE
533,27,32599.137,10,2026,TERM_LIFE
534,35,129965.17,10,2026,TERM_LIFE
535,41,60651.324,10,2026,TERM_LIFE
536,42,39559.066,10,2026,TERM_LIFE
537,30,71684.555,10,2026,TERM_LIFE
538,40,13255.796,10,2026,TERM_LIFE
539,55,196415.83,10,2026,TERM_LIFE
540,40,98075.1,10,2026,TERM_LIFE
541,44,61270.418,10,2026,TERM_LIFE
542,22,72737.89,10,2026,TERM_LIFE
543,54,87589.305,10,2026,TERM_LIFE
544,52,39798.324,10,2026,TERM_LIFE
545,40,50249.016,10,2026,TERM_LIFE
546,29,45316.086,10,2026,TERM_LIFE
547,32,26782.139,10,2026,TERM_LIFE
548,37,34599.184,10,2026,TERM_LIFE
549,34,37109.707,10,2026,TERM_LIFE
550,30,94485.44,10,2026,TERM_LIFE
551,55,19885.336,10,2026,TERM_LIFE
552,36,79985.24,10,2026,TERM_LIFE
553,23,21066.2,10,2026,TERM_LIFE
554,24,62806.8,10,2026,TERM_LIFE
555,28,84326.984,10,2026,TERM_LIFE
556,44,110406.46,10,2026,TERM_LIFE
557,44,26425.598,10,2026,TERM_LIFE
558,35,26942.453,10,2026,TERM_LIFE
559,27,45445.84,10,2026,TERM_LIFE
560,50,44566.24,10,2026,TERM_LIFE
561,18,47067.555,10,2026,TERM_LIFE
562,36,19518.14,10,2026,TERM_LIFE
563,34,87686.875,10,2026,TERM_LIFE
564,40,243520.69,10,2026,TERM_LIFE
565,37,21653.137,10,2026,TERM_LIFE
566,46,81133.65,10,2026,TERM_LIFE
567,46,18874.604,10,2026,TERM_LIFE
568,42,55984.254,10,2026,TERM_LIFE
569,52,60230.01,10,2026,TERM_LIFE
570,51,184171.3,10,2026,TERM_LIFE
571,38,18382.785,10,2026,TERM_LIFE
572,22,80422.734,10,2026,TERM_LIFE
573,39,67353.164,10,2026,TERM_LIFE
574,24,104307.68,10,2026,TERM_LIFE
575,46,561676.44,10,2026,TERM_LIFE
576,42,29337.701,10,2026,TERM_LIFE
577,51,105478.59,10,2026,TERM_LIFE
578,44,55013.68,10,2026,TERM_LIFE
579,40,28341.107,10,2026,TERM_LIFE
580,36,164264.83,10,2026,TERM_LIFE
581,31,43610.586,10,2026,TERM_LIFE
582,34,180182.98,10,2026,TERM_LIFE
583,23,47587.39,10,2026,TERM_LIFE
584,39,80946.29,10,2026,TERM_LIFE
585,50,50286.145,10,2026,TERM_LIFE
586,52,20651.57,10,2026,TERM_LIFE
587,22,22903.217,10,2026,TERM_LIFE
588,55,63222.516,10,2026,TERM_LIFE
589,27,20766.045,10,2026,TERM_LIFE
590,26,145965.9,10,2026,TERM_LIFE
591,44,108480.13,10,2026,TERM_LIFE
592,29,59602.902,10,2026,TERM_LIFE
593,55,20350.447,10,2026,TERM_LIFE
594,42,127483.125,10,2026,TERM_LIFE
595,39,36076.902,10,2026,TERM_LIFE
596,42,57455.168,10,2026,TERM_LIFE
597,42,18129.717,10,2026,TERM_LIFE
598,32,11206.601,10,2026,TERM_LIFE
599,35,38661.402,10,2026,TERM_LIFE
600,55,21951.121,10,2026,TERM_LIFE
601,37,5122.807,10,2026,TERM_LIFE
602,45,43562.293,10,2026,TERM_LIFE
603,35,33501.617,10,2026,TERM_LIFE
604,37,23924.549,10,2026,TERM_LIFE
605,46,73311.3,10,2026,TERM_LIFE
606,18,62521.97,10,2026,TERM_LIFE
607,45,330858.88,10,2026,TERM_LIFE
608,30,24909.229,10,2026,TERM_LIFE
609,37,44525.14,10,2026,TERM_LIFE
610,50,6845.4087,10,2026,TERM_LIFE
611,25,103424.375,10,2026,TERM_LIFE
612,26,48736.816,10,2026,TERM_LIFE
613,23,306906.22,10,2026,TERM_LIFE
614,44,58893.008,10,2026,TERM_LIFE
615,23,49062.19,10,2026,TERM_LIFE
616,50,166289.95,10,2026,TERM_LIFE
617,23,29722.666,10,2026,TERM_LIFE
618,18,60122.4,10,2026,TERM_LIFE
619,23,101179.4,10,2026,TERM_LIFE
620,29,101041.14,10,2026,TERM_LIFE
621,50,73463.086,10,2026,TERM_LIFE
622,18,224775.78,10,2026,TERM_LIFE
623,40,80421.9,10,2026,TERM_LIFE
624,29,62465.13,10,2026,TERM_LIFE
625,43,55755.645,10,2026,TERM_LIFE
626,55,24554.555,10,2026,TERM_LIFE
627,49,43773.098,10,2026,TERM_LIFE
628,18,37169.18,10,2026,TERM_LIFE
629,50,32892.137,10,2026,TERM_LIFE
630,44,319925.9,10,2026,TERM_LIFE
631,35,154900.17,10,2026,TERM_LIFE
632,25,56559.246,10,2026,TERM_LIFE
633,49,40999.914,10,2026,TERM_LIFE
634,36,204950.47,10,2026,TERM_LIFE
635,28,165746.23,10,2026,TERM_LIFE
636,29,117636.41,10,2026,TERM_LIFE
637,31,55005.555,10,2026,TERM_LIFE
638,53,32448.162,10,2026,TERM_LIFE
639,23,99810.2,10,2026,TERM_LIFE
640,49,27427.152,10,2026,TERM_LIFE
641,18,47334.312,10,2026,TERM_LIFE
642,48,12415.01,10,2026,TERM_LIFE
643,30,33382.24,10,2026,TERM_LIFE
644,46,20292.348,10,2026,TERM_LIFE
645,26,102022.516,10,2026,TERM_LIFE
646,52,38960.652,10,2026,TERM_LIFE
647,31,12935.933,10,2026,TERM_LIFE
648,31,148680.47,10,2026,TERM_LIFE
649,44,30962.621,10,2026,TERM_LIFE
650,54,23487.584,10,2026,TERM_LIFE
651,32,14053.62,10,2026,TERM_LIFE
652,25,66146.19,10,2026,TERM_LIFE
653,39,50127.754,10,2026,TERM_LIFE
654,20,41842.598,10,2026,TERM_LIFE
655,26,64339.754,10,2026,TERM_LIFE
656,21,47786.758,10,2026,TERM_LIFE
657,52,35344.598,10,2026,TERM_LIFE
658,20,36109.51,10,2026,TERM_LIFE
659,49,183240.33,10,2026,TERM_LIFE
660,49,39751.297,10,2026,TERM_LIFE
661,23,23507.746,10,2026,TERM_LIFE
662,23,27489.936,10,2026,TERM_LIFE
663,54,162031.75,10,2026,TERM_LIFE
664,25,90181.63,10,2026,TERM_LIFE
665,25,92416.7,10,2026,TERM_LIFE
666,52,26837.375,10,2026,TERM_LIFE
667,37,101754.69,10,2026,TERM_LIFE
668,52,27524.705,10,2026,TERM_LIFE
669,41,89231.29,10,2026,TERM_LIFE
670,51,42878.52,10,2026,TERM_LIFE
671,23,50301.832,10,2026,TERM_LIFE
672,45,23991.732,10,2026,TERM_LIFE
673,49,22204.7,10,2026,TERM_LIFE
674,41,46066.125,10,2026,TERM_LIFE
675,40,50341.51,10,2026,TERM_LIFE
676,41,77345.36,10,2026,TERM_LIFE
677,31,31325.025,10,2026,TERM_LIFE
678,55,70616.695,10,2026,TERM_LIFE
679,40,11609.535,10,2026,TERM_LIFE
680,26,19523.875,10,2026,TERM_LIFE
681,45,9750.66,10,2026,TERM_LIFE
682,28,424170.84,10,2026,TERM_LIFE
683,48,22553.049,10,2026,TERM_LIFE
684,25,24310.418,10,2026,TERM_LIFE
685,35,85777.99,10,2026,TERM_LIFE
686,42,162784.0,10,2026,TERM_LIFE
687,51,26734.266,10,2026,TERM_LIFE
688,37,57138.33,10,2026,TERM_LIFE
689,54,8513.936,10,2026,TERM_LIFE
690,48,38664.49,10,2026,TERM_LIFE
691,52,250215.58,10,2026,TERM_LIFE
692,32,256641.78,10,2026,TERM_LIFE
693,55,111553.445,10,2026,TERM_LIFE
694,47,12197.776,10,2026,TERM_LIFE
695,49,68678.766,10,2026,TERM_LIFE
696,55,188743.48,10,2026,TERM_LIFE
697,48,78390.04,10,2026,TERM_LIFE
698,36,20307.242,10,2026,TERM_LIFE
699,28,69905.914,10,2026,TERM_LIFE
700,36,23539.676,10,2026,TERM_LIFE
701,38,20082.512,10,2026,TERM_LIFE
702,24,591661.3,10,2026,TERM_LIFE
703,18,53867.273,10,2026,TERM_LIFE
704,31,147813.33,10,2026,TERM_LIFE
705,38,48709.41,10,2026,TERM_LIFE
706,30,74868.555,10,2026,TERM_LIFE
707,50,43570.11,10,2026,TERM_LIFE
708,54,25125.92,10,2026,TERM_LIFE
709,21,50569.957,10,2026,TERM_LIFE
710,55,31571.371,10,2026,TERM_LIFE
711,28,115091.87,10,2026,TERM_LIFE
712,32,34021.734,10,2026,TERM_LIFE
713,42,54733.246,10,2026,TERM_LIFE
714,44,70397.09,10,2026,TERM_LIFE
715,51,32276.227,10,2026,TERM_LIFE
716,25,83546.65,10,2026,TERM_LIFE
717,43,199924.94,10,2026,TERM_LIFE
718,45,55836.41,10,2026,TERM_LIFE
719,44,57170.07,10,2026,TERM_LIFE
720,36,47292.36,10,2026,TERM_LIFE
721,42,112685.49,10,2026,TERM_LIFE
722,37,201189.95,10,2026,TERM_LIFE
723,39,200022.2,10,2026,TERM_LIFE
724,22,93446.195,10,2026,TERM_LIFE
725,55,63251.746,10,2026,TERM_LIFE
726,37,53115.207,10,2026,TERM_LIFE
727,20,31076.303,10,2026,TERM_LIFE
728,37,222634.73,10,2026,TERM_LIFE
729,46,44227.105,10,2026,TERM_LIFE
730,22,75030.38,10,2026,TERM_LIFE
731,45,49303.605,10,2026,TERM_LIFE
732,24,145694.89,10,2026,TERM_LIFE
733,38,54535.336,10,2026,TERM_LIFE
734,30,54043.32,10,2026,TERM_LIFE
735,22,32742.52,10,2026,TERM_LIFE
736,26,165134.3,10,2026,TERM_LIFE
737,54,62556.715,10,2026,TERM_LIFE
738,43,110195.5,10,2026,TERM_LIFE
739,38,56369.957,10,2026,TERM_LIFE
740,21,15762.868,10,2026,TERM_LIFE
741,37,41315.793,10,2026,TERM_LIFE
742,52,62092.992,10,2026,TERM_LIFE
743,40,41838.39,10,2026,TERM_LIFE
744,54,209080.77,10,2026,TERM_LIFE
745,44,129576.64,10,2026,TERM_LIFE
746,51,96929.34,10,2026,TERM_LIFE
747,21,47028.285,10,2026,TERM_LIFE
748,44,50224.508,10,2026,TERM_LIFE
749,25,50848.13,10,2026,TERM_LIFE
750,19,64302.863,10,2026,TERM_LIFE
751,34,14333.674,10,2026,TERM_LIFE
752,20,32845.867,10,2026,TERM_LIFE
753,18,178074.73,10,2026,TERM_LIFE
754,31,11684.949,10,2026,TERM_LIFE
755,50,47849.6,10,2026,TERM_LIFE
756,23,184227.66,10,2026,TERM_LIFE
757,44,116066.51,10,2026,TERM_LIFE
758,26,86529.29,10,2026,TERM_LIFE
759,37,45794.36,10,2026,TERM_LIFE
760,28,40477.062,10,2026,TERM_LIFE
761,55,28203.607,10,2026,TERM_LIFE
762,20,44187.016,10,2026,TERM_LIFE
763,29,44473.207,10,2026,TERM_LIFE
764,51,12653.037,10,2026,TERM_LIFE
765,37,69700.52,10,2026,TERM_LIFE
766,18,76936.805,10,2026,TERM_LIFE
767,25,104714.695,10,2026,TERM_LIFE
768,46,36147.668,10,2026,TERM_LIFE
769,53,117123.0,10,2026,TERM_LIFE
770,32,144557.58,10,2026,TERM_LIFE
771,49,34805.004,10,2026,TERM_LIFE
772,35,21395.94,10,2026,TERM_LIFE
773,31,59522.715,10,2026,TERM_LIFE
774,39,57041.37,10,2026,TERM_LIFE
775,41,75156.19,10,2026,TERM_LIFE
776,39,26282.068,10,2026,TERM_LIFE
777,53,78481.29,10,2026,TERM_LIFE
778,18,24002.295,10,2026,TERM_LIFE
779,31,160721.95,10,2026,TERM_LIFE
780,54,9549.158,10,2026,TERM_LIFE
781,33,46881.12,10,2026,TERM_LIFE
782,53,49443.97,10,2026,TERM_LIFE
783,32,40500.566,10,2026,TERM_LIFE
784,33,28779.037,10,2026,TERM_LIFE
785,37,37288.117,10,2026,TERM_LIFE
786,24,38788.58,10,2026,TERM_LIFE
787,41,25158.373,10,2026,TERM_LIFE
788,30,46959.9,10,2026,TERM_LIFE
789,51,14386.989,10,2026,TERM_LIFE
790,55,90788.32,10,2026,TERM_LIFE
791,54,182118.75,10,2026,TERM_LIFE
792,47,26098.621,10,2026,TERM_LIFE
793,47,73126.625,10,2026,TERM_LIFE
794,50,71193.98,10,2026,TERM_LIFE
795,53,24527.25,10,2026,TERM_LIFE
796,22,32787.695,10,2026,TERM_LIFE
797,44,234472.03,10,2026,TERM_LIFE
798,32,12835.516,10,2026,TERM_LIFE
799,51,12234.75,10,2026,TERM_LIFE
800,24,266372.38,10,2026,TERM_LIFE
801,54,72238.03,10,2026,TERM_LIFE
802,31,112143.12,10,2026,TERM_LIFE
803,22,26529.104,10,2026,TERM_LIFE
804,44,77287.336,10,2026,TERM_LIFE
805,54,16729.654,10,2026,TERM_LIFE
806,27,57166.08,10,2026,TERM_LIFE
807,39,91163.67,10,2026,TERM_LIFE
808,29,110017.016,10,2026,TERM_LIFE
809,24,123564.26,10,2026,TERM_LIFE
810,29,64082.8,10,2026,TERM_LIFE
811,52,18551.588,10,2026,TERM_LIFE
812,36,79834.48,10,2026,TERM_LIFE
813,48,44684.562,10,2026,TERM_LIFE
814,50,66700.57,10,2026,TERM_LIFE
815,42,70257.16,10,2026,TERM_LIFE
816,29,67277.46,10,2026,TERM_LIFE
817,26,72074.0,10,2026,TERM_LIFE
818,45,34640.285,10,2026,TERM_LIFE
819,22,140129.36,10,2026,TERM_LIFE
820,18,59995.188,10,2026,TERM_LIFE
821,29,58496.918,10,2026,TERM_LIFE
822,39,14616.025,10,2026,TERM_LIFE
823,39,65613.4,10,2026,TERM_LIFE
824,20,25545.863,10,2026,TERM_LIFE
825,38,58644.062,10,2026,TERM_LIFE
826,44,46413.656,10,2026,TERM_LIFE
827,52,90269.375,10,2026,TERM_LIFE
828,29,80777.21,10,2026,TERM_LIFE
829,50,7245.1113,10,2026,TERM_LIFE
830,41,35702.793,10,2026,TERM_LIFE
831,33,24096.336,10,2026,TERM_LIFE
832,52,84689.22,10,2026,TERM_LIFE
833,42,83391.34,10,2026,TERM_LIFE
834,25,29286.006,10,2026,TERM_LIFE
835,34,15145.334,10,2026,TERM_LIFE
836,45,46262.723,10,2026,TERM_LIFE
837,40,62609.855,10,2026,TERM_LIFE
838,22,52678.08,10,2026,TERM_LIFE
839,37,68643.945,10,2026,TERM_LIFE
840,19,39249.508,10,2026,TERM_LIFE
841,33,31138.637,10,2026,TERM_LIFE
842,44,35810.51,10,2026,TERM_LIFE
843,25,64717.395,10,2026,TERM_LIFE
844,36,64083.574,10,2026,TERM_LIFE
845,30,23819.3,10,2026,TERM_LIFE
846,28,36299.31,10,2026,TERM_LIFE
847,45,121025.305,10,2026,TERM_LIFE
848,52,58069.926,10,2026,TERM_LIFE
849,26,97772.99,10,2026,TERM_LIFE
850,26,35167.6,10,2026,TERM_LIFE
851,33,54553.418,10,2026,TERM_LIFE
852,53,43833.945,10,2026,TERM_LIFE
853,51,52968.117,10,2026,TERM_LIFE
854,51,17608.732,10,2026,TERM_LIFE
855,39,33469.914,10,2026,TERM_LIFE
856,48,12453.519,10,2026,TERM_LIFE
857,41,58844.812,10,2026,TERM_LIFE
858,37,25444.26,10,2026,TERM_LIFE
859,28,172185.64,10,2026,TERM_LIFE
860,51,29243.67,10,2026,TERM_LIFE
861,29,22962.44,10,2026,TERM_LIFE
862,31,59893.33,10,2026,TERM_LIFE
863,26,120059.67,10,2026,TERM_LIFE
864,30,57273.164,10,2026,TERM_LIFE
865,32,36142.37,10,2026,TERM_LIFE
866,37,99252.6,10,2026,TERM_LIFE
867,20,36342.414,10,2026,TERM_LIFE
868,27,129031.96,10,2026,TERM_LIFE
869,20,121959.78,10,2026,TERM_LIFE
870,46,498198.1,10,2026,TERM_LIFE
871,28,27222.393,10,2026,TERM_LIFE
872,31,47603.46,10,2026,TERM_LIFE
873,53,31452.39,10,2026,TERM_LIFE
874,24,24616.271,10,2026,TERM_LIFE
875,49,25536.797,10,2026,TERM_LIFE
876,26,104318.6,10,2026,TERM_LIFE
877,36,153230.84,10,2026,TERM_LIFE
878,35,13385.671,10,2026,TERM_LIFE
879,37,34044.547,10,2026,TERM_LIFE
880,25,127476.58,10,2026,TERM_LIFE
881,31,27324.49,10,2026,TERM_LIFE
882,28,55030.582,10,2026,TERM_LIFE
883,20,15642.481,10,2026,TERM_LIFE
884,23,55888.24,10,2026,TERM_LIFE
885,37,8732.716,10,2026,TERM_LIFE
886,44,114083.875,10,2026,TERM_LIFE
887,28,35954.555,10,2026,TERM_LIFE
888,50,206318.94,10,2026,TERM_LIFE
889,24,108034.23,10,2026,TERM_LIFE
890,54,60665.43,10,2026,TERM_LIFE
891,50,61815.867,10,2026,TERM_LIFE
892,45,47665.53,10,2026,TERM_LIFE
893,18,45142.94,10,2026,TERM_LIFE
894,19,94671.07,10,2026,TERM_LIFE
895,43,131614.86,10,2026,TERM_LIFE
896,42,85771.086,10,2026,TERM_LIFE
897,29,28057.678,10,2026,TERM_LIFE
898,33,14047.983,10,2026,TERM_LIFE
899,27,27576.93,10,2026,TERM_LIFE
900,55,212543.9,10,2026,TERM_LIFE
901,48,72143.625,10,2026,TERM_LIFE
902,28,108444.65,10,2026,TERM_LIFE
903,33,84755.45,10,2026,TERM_LIFE
904,47,41985.977,10,2026,TERM_LIFE
905,48,148701.69,10,2026,TERM_LIFE
906,33,102888.36,10,2026,TERM_LIFE
907,52,17549.57,10,2026,TERM_LIFE
908,33,72726.734,10,2026,TERM_LIFE
909,24,7741.2197,10,2026,TERM_LIFE
910,31,89415.14,10,2026,TERM_LIFE
911,24,238969.31,10,2026,TERM_LIFE
912,25,121208.22,10,2026,TERM_LIFE
913,29,18155.441,10,2026,TERM_LIFE
914,52,20854.39,10,2026,TERM_LIFE
915,49,57386.43,10,2026,TERM_LIFE
916,43,27604.31,10,2026,TERM_LIFE
917,49,104263.78,10,2026,TERM_LIFE
918,55,88010.984,10,2026,TERM_LIFE
919,45,62745.332,10,2026,TERM_LIFE
920,23,22909.688,10,2026,TERM_LIFE
921,37,95980.93,10,2026,TERM_LIFE
922,37,131645.69,10,2026,TERM_LIFE
923,23,84074.44,10,2026,TERM_LIFE
924,22,28729.65,10,2026,TERM_LIFE
925,37,40653.59,10,2026,TERM_LIFE
926,35,41031.305,10,2026,TERM_LIFE
927,29,211610.3,10,2026,TERM_LIFE
928,47,82126.15,10,2026,TERM_LIFE
929,20,25325.324,10,2026,TERM_LIFE
930,51,37024.855,10,2026,TERM_LIFE
931,32,27077.992,10,2026,TERM_LIFE
932,42,26552.121,10,2026,TERM_LIFE
933,33,33440.484,10,2026,TERM_LIFE
934,38,52271.918,10,2026,TERM_LIFE
935,55,68555.94,10,2026,TERM_LIFE
936,30,113283.12,10,2026,TERM_LIFE
937,42,135581.31,10,2026,TERM_LIFE
938,21,222743.23,10,2026,TERM_LIFE
939,34,114379.73,10,2026,TERM_LIFE
940,33,89112.82,10,2026,TERM_LIFE
941,31,16567.19,10,2026,TERM_LIFE
942,35,66760.89,10,2026,TERM_LIFE
943,29,23460.54,10,2026,TERM_LIFE
944,22,47235.887,10,2026,TERM_LIFE
945,21,39989.574,10,2026,TERM_LIFE
946,50,34723.066,10,2026,TERM_LIFE
947,42,28464.613,10,2026,TERM_LIFE
948,33,26645.3,10,2026,TERM_LIFE
949,30,42317.984,10,2026,TERM_LIFE
950,20,26306.584,10,2026,TERM_LIFE
951,27,67186.58,10,2026,TERM_LIFE
952,54,20621.988,10,2026,TERM_LIFE
953,43,49410.77,10,2026,TERM_LIFE
954,29,180560.6,10,2026,TERM_LIFE
955,55,37634.84,10,2026,TERM_LIFE
956,49,31759.576,10,2026,TERM_LIFE
957,29,26540.293,10,2026,TERM_LIFE
958,40,52291.926,10,2026,TERM_LIFE
959,29,14098.451,10,2026,TERM_LIFE
960,35,44201.68,10,2026,TERM_LIFE
961,22,85966.51,10,2026,TERM_LIFE
962,47,33048.8,10,2026,TERM_LIFE
963,32,137890.03,10,2026,TERM_LIFE
964,55,97205.0,10,2026,TERM_LIFE
965,41,78822.03,10,2026,TERM_LIFE
966,39,34227.633,10,2026,TERM_LIFE
967,39,55519.598,10,2026,TERM_LIFE
968,46,56285.895,10,2026,TERM_LIFE
969,51,31758.459,10,2026,TERM_LIFE
970,28,27449.594,10,2026,TERM_LIFE
971,55,25806.203,10,2026,TERM_LIFE
972,44,58901.145,10,2026,TERM_LIFE
973,47,7947.7476,10,2026,TERM_LIFE
974,36,97666.94,10,2026,TERM_LIFE
975,38,57910.42,10,2026,TERM_LIFE
976,46,202612.9,10,2026,TERM_LIFE
977,19,83154.32,10,2026,TERM_LIFE
978,21,43870.04,10,2026,TERM_LIFE
979,34,33308.95,10,2026,TERM_LIFE
980,26,96527.17,10,2026,TERM_LIFE
981,21,47616.8,10,2026,TERM_LIFE
982,27,20871.795,10,2026,TERM_LIFE
983,51,69353.3,10,2026,TERM_LIFE
984,39,151652.2,10,2026,TERM_LIFE
985,45,18132.777,10,2026,TERM_LIFE
986,33,448621.62,10,2026,TERM_LIFE
987,48,64052.566,10,2026,TERM_LIFE
988,18,17311.922,10,2026,TERM_LIFE
989,41,14553.523,10,2026,TERM_LIFE
990,45,21313.73,10,2026,TERM_LIFE
991,47,34764.08,10,2026,TERM_LIFE
992,26,7947.2974,10,2026,TERM_LIFE
993,35,80518.984,10,2026,TERM_LIFE
994,46,126108.266,10,2026,TERM_LIFE
995,52,91248.945,10,2026,TERM_LIFE
996,55,187047.53,10,2026,TERM_LIFE
997,47,33142.125,10,2026,TERM_LIFE
998,30,28927.879,10,2026,TERM_LIFE
999,50,14842.918,10,2026,TERM_LIFE
1000,51,126444.766,10,2026,TERM_LIFE
